lgd_villagecode,village_name,district,NIN,facility_name,facility_type,travel_time_min,distance_km
427896.0,,nabarangpur,3865782811,Badamba,phc,6.2,4.13
427909.0,,nabarangpur,3865782811,Badamba,phc,63.58,35.36
427826.0,,nabarangpur,3865782811,Badamba,phc,58.82,31.12
427911.0,,nabarangpur,3865782811,Badamba,phc,36.08,20.14
427906.0,,nabarangpur,3865782811,Badamba,phc,2.55,1.62
427910.0,,nabarangpur,3865782811,Badamba,phc,62.75,31.95
427827.0,,nabarangpur,3865782811,Badamba,phc,58.82,31.12
427917.0,,nabarangpur,3865782811,Badamba,phc,32.25,18.62
427894.0,,nabarangpur,3865782811,Badamba,phc,5.0,3.33
427900.0,,nabarangpur,3865782811,Badamba,phc,57.87,37.29
427893.0,,nabarangpur,3865782811,Badamba,phc,34.79,23.1
427908.0,,nabarangpur,3865782811,Badamba,phc,2.55,1.62
427914.0,,nabarangpur,3865782811,Badamba,phc,48.77,25.22
427823.0,,nabarangpur,3865782811,Badamba,phc,41.62,22.36
427885.0,,nabarangpur,3865782811,Badamba,phc,20.94,13.76
427901.0,,nabarangpur,3865782811,Badamba,phc,57.74,37.1
427886.0,,nabarangpur,3865782811,Badamba,phc,0.0,0.0
427898.0,,nabarangpur,3865782811,Badamba,phc,39.57,26.29
427902.0,,nabarangpur,3865782811,Badamba,phc,65.24,36.0
427904.0,,nabarangpur,3865782811,Badamba,phc,65.24,36.0
427897.0,,nabarangpur,3865782811,Badamba,phc,6.2,4.13
427895.0,,nabarangpur,3865782811,Badamba,phc,6.17,4.11
427915.0,,nabarangpur,3865782811,Badamba,phc,47.02,24.52
427888.0,,nabarangpur,3865782811,Badamba,phc,1.58,1.05
427916.0,,nabarangpur,3865782811,Badamba,phc,40.02,21.72
427907.0,,nabarangpur,3865782811,Badamba,phc,2.55,1.62
427825.0,,nabarangpur,3865782811,Badamba,phc,58.82,31.12
427913.0,,nabarangpur,3865782811,Badamba,phc,34.56,19.54
427912.0,,nabarangpur,3865782811,Badamba,phc,33.95,19.29
427842.0,,nabarangpur,8628561485,Asanga (Kokidisemala),phc,3.3,2.13
427828.0,,nabarangpur,8628561485,Asanga (Kokidisemala),phc,1.83,1.22
427841.0,,nabarangpur,8628561485,Asanga (Kokidisemala),phc,4.5,3.0
427829.0,,nabarangpur,8628561485,Asanga (Kokidisemala),phc,0.0,0.0
427892.0,,nabarangpur,3865782811,Badamba,phc,4.37,2.91
427824.0,,nabarangpur,8628561485,Asanga (Kokidisemala),phc,15.6,9.22
427918.0,,nabarangpur,8628561485,Asanga (Kokidisemala),phc,16.82,9.87
427905.0,,nabarangpur,3865782811,Badamba,phc,6.2,4.13
427903.0,,nabarangpur,3865782811,Badamba,phc,65.24,36.0
427899.0,,nabarangpur,3865782811,Badamba,phc,57.96,37.42
427966.0,,nabarangpur,1235356613,Gumaguda,phc,26.95,21.36
427962.0,,nabarangpur,8628561485,Asanga (Kokidisemala),phc,23.43,15.48
427965.0,,nabarangpur,1235356613,Gumaguda,phc,20.32,17.0
427970.0,,nabarangpur,1235356613,Gumaguda,phc,40.82,29.33
427840.0,,nabarangpur,8628561485,Asanga (Kokidisemala),phc,4.4,2.93
427961.0,,nabarangpur,8628561485,Asanga (Kokidisemala),phc,20.35,13.42
427837.0,,nabarangpur,8628561485,Asanga (Kokidisemala),phc,18.67,12.31
427969.0,,nabarangpur,1235356613,Gumaguda,phc,32.83,25.23
427960.0,,nabarangpur,8628561485,Asanga (Kokidisemala),phc,18.01,11.87
427967.0,,nabarangpur,1235356613,Gumaguda,phc,30.59,23.73
427838.0,,nabarangpur,8628561485,Asanga (Kokidisemala),phc,13.21,8.74
427952.0,,nabarangpur,8433434258,Ekamba,phc,14.89,9.84
427839.0,,nabarangpur,8628561485,Asanga (Kokidisemala),phc,12.49,8.26
427968.0,,nabarangpur,1235356613,Gumaguda,phc,32.77,25.14
427973.0,,nabarangpur,1235356613,Gumaguda,phc,13.86,12.87
427843.0,,nabarangpur,8628561485,Asanga (Kokidisemala),phc,6.28,4.11
427844.0,,nabarangpur,8628561485,Asanga (Kokidisemala),phc,12.02,7.94
427963.0,,nabarangpur,8628561485,Asanga (Kokidisemala),phc,28.39,18.78
427971.0,,nabarangpur,1235356613,Gumaguda,phc,7.48,10.6
427964.0,,nabarangpur,1235356613,Gumaguda,phc,21.44,17.74
427975.0,,nabarangpur,4448317232,Jagannathpur,phc,26.83,17.66
428089.0,,nabarangpur,3773678259,Panaspadar,phc,32.35,20.48
427951.0,,nabarangpur,8433434258,Ekamba,phc,12.5,8.31
427977.0,,nabarangpur,8433434258,Ekamba,phc,9.27,6.18
428066.0,,nabarangpur,4448317232,Jagannathpur,phc,0.0,0.0
428080.0,,nabarangpur,4448317232,Jagannathpur,phc,8.73,5.68
428065.0,,nabarangpur,4448317232,Jagannathpur,phc,0.78,0.52
428061.0,,nabarangpur,3773678259,Panaspadar,phc,11.36,7.39
427972.0,,nabarangpur,8433434258,Ekamba,phc,13.28,8.84
428071.0,,nabarangpur,4448317232,Jagannathpur,phc,12.28,8.12
428073.0,,nabarangpur,4448317232,Jagannathpur,phc,2.79,1.86
428075.0,,nabarangpur,4448317232,Jagannathpur,phc,1.83,1.22
428063.0,,nabarangpur,3773678259,Panaspadar,phc,3.46,2.3
428084.0,,nabarangpur,3773678259,Panaspadar,phc,33.52,20.97
428054.0,,nabarangpur,3773678259,Panaspadar,phc,14.79,9.63
428059.0,,nabarangpur,3773678259,Panaspadar,phc,15.19,9.95
427976.0,,nabarangpur,8433434258,Ekamba,phc,13.28,8.84
428072.0,,nabarangpur,4448317232,Jagannathpur,phc,10.43,6.94
428081.0,,nabarangpur,4448317232,Jagannathpur,phc,7.85,5.17
428023.0,,nabarangpur,8433434258,Ekamba,phc,2.58,1.72
428082.0,,nabarangpur,3773678259,Panaspadar,phc,25.71,16.98
427974.0,,nabarangpur,4448317232,Jagannathpur,phc,26.77,17.61
428078.0,,nabarangpur,4448317232,Jagannathpur,phc,3.23,2.14
428088.0,,nabarangpur,3773678259,Panaspadar,phc,14.81,9.64
428083.0,,nabarangpur,3773678259,Panaspadar,phc,18.41,12.1
428060.0,,nabarangpur,3773678259,Panaspadar,phc,11.44,7.44
428058.0,,nabarangpur,3773678259,Panaspadar,phc,11.29,7.41
428025.0,,nabarangpur,4448317232,Jagannathpur,phc,13.99,9.14
428067.0,,nabarangpur,4448317232,Jagannathpur,phc,2.73,1.8
428070.0,,nabarangpur,4448317232,Jagannathpur,phc,7.22,4.81
427950.0,,nabarangpur,8433434258,Ekamba,phc,9.1,6.07
428024.0,,nabarangpur,8433434258,Ekamba,phc,0.0,0.0
428064.0,,nabarangpur,3773678259,Panaspadar,phc,2.03,1.35
428074.0,,nabarangpur,4448317232,Jagannathpur,phc,1.93,1.29
428077.0,,nabarangpur,4448317232,Jagannathpur,phc,3.98,2.65
428076.0,,nabarangpur,4448317232,Jagannathpur,phc,0.93,0.62
428055.0,,nabarangpur,3773678259,Panaspadar,phc,14.19,9.22
428079.0,,nabarangpur,4448317232,Jagannathpur,phc,11.29,7.38
428056.0,,nabarangpur,3773678259,Panaspadar,phc,14.0,9.1
428086.0,,nabarangpur,3773678259,Panaspadar,phc,32.43,20.51
428087.0,,nabarangpur,3773678259,Panaspadar,phc,14.8,9.64
428085.0,,nabarangpur,3773678259,Panaspadar,phc,14.79,9.63
428049.0,,nabarangpur,3773678259,Panaspadar,phc,12.17,8.05
427304.0,,nabarangpur,6468124869,Jodinga,phc,5.37,3.19
427306.0,,nabarangpur,6468124869,Jodinga,phc,7.04,4.21
427305.0,,nabarangpur,6468124869,Jodinga,phc,5.41,3.07
427310.0,,nabarangpur,3582387241,Turudihi,phc,10.26,6.35
427302.0,,nabarangpur,6468124869,Jodinga,phc,9.57,6.31
427293.0,,nabarangpur,3582387241,Turudihi,phc,13.25,8.34
427299.0,,nabarangpur,6468124869,Jodinga,phc,18.26,11.6
427287.0,,nabarangpur,3582387241,Turudihi,phc,0.0,0.0
427301.0,,nabarangpur,6468124869,Jodinga,phc,14.87,9.32
427300.0,,nabarangpur,6468124869,Jodinga,phc,16.13,7.96
427289.0,,nabarangpur,3582387241,Turudihi,phc,5.78,3.14
427308.0,,nabarangpur,6468124869,Jodinga,phc,9.31,5.0
427303.0,,nabarangpur,6468124869,Jodinga,phc,8.04,5.12
427294.0,,nabarangpur,3582387241,Turudihi,phc,15.87,9.29
427291.0,,nabarangpur,3582387241,Turudihi,phc,6.97,3.31
427296.0,,nabarangpur,3582387241,Turudihi,phc,18.03,7.94
427309.0,,nabarangpur,6468124869,Jodinga,phc,4.98,3.27
427307.0,,nabarangpur,6468124869,Jodinga,phc,0.0,0.0
427298.0,,nabarangpur,3582387241,Turudihi,phc,14.06,8.76
427292.0,,nabarangpur,3582387241,Turudihi,phc,7.47,4.49
427297.0,,nabarangpur,3582387241,Turudihi,phc,15.46,9.06
427295.0,,nabarangpur,3582387241,Turudihi,phc,10.06,6.21
427277.0,,nabarangpur,3582387241,Turudihi,phc,9.11,5.62
427275.0,,nabarangpur,3582387241,Turudihi,phc,10.24,6.83
427290.0,,nabarangpur,3582387241,Turudihi,phc,8.01,4.16
427272.0,,nabarangpur,3582387241,Turudihi,phc,12.3,6.91
427273.0,,nabarangpur,3582387241,Turudihi,phc,9.61,5.23
427274.0,,nabarangpur,3582387241,Turudihi,phc,11.59,6.2
427271.0,,nabarangpur,3582387241,Turudihi,phc,14.12,8.24
427276.0,,nabarangpur,3582387241,Turudihi,phc,14.48,9.39
427662.0,,nabarangpur,1111438253,Motigaon,phc,16.39,10.92
427873.0,,nabarangpur,4332588815,Kodinga,phc,16.9,11.08
427889.0,,nabarangpur,3865782811,Badamba,phc,4.18,2.78
427877.0,,nabarangpur,8628561485,Asanga (Kokidisemala),phc,20.39,11.77
427830.0,,nabarangpur,8628561485,Asanga (Kokidisemala),phc,14.34,8.64
427862.0,,nabarangpur,3865782811,Badamba,phc,23.04,14.89
427874.0,,nabarangpur,4332588815,Kodinga,phc,9.54,6.22
427850.0,,nabarangpur,3473177644,Katagam,phc,16.55,10.97
427797.0,,nabarangpur,4332588815,Kodinga,phc,14.21,9.31
427858.0,,nabarangpur,3865782811,Badamba,phc,29.25,17.69
427802.0,,nabarangpur,4332588815,Kodinga,phc,5.16,3.33
427818.0,,nabarangpur,4332588815,Kodinga,phc,5.5,3.02
427804.0,,nabarangpur,4332588815,Kodinga,phc,9.03,5.9
427871.0,,nabarangpur,3865782811,Badamba,phc,14.88,9.92
427801.0,,nabarangpur,4332588815,Kodinga,phc,10.51,6.86
427878.0,,nabarangpur,4332588815,Kodinga,phc,18.08,11.93
427856.0,,nabarangpur,1111438253,Motigaon,phc,19.11,12.64
427880.0,,nabarangpur,3865782811,Badamba,phc,24.09,15.44
427817.0,,nabarangpur,4332588815,Kodinga,phc,9.27,5.5
427891.0,,nabarangpur,3865782811,Badamba,phc,29.75,19.78
427879.0,,nabarangpur,4332588815,Kodinga,phc,15.4,10.15
427865.0,,nabarangpur,3865782811,Badamba,phc,16.02,10.66
427799.0,,nabarangpur,4332588815,Kodinga,phc,12.0,7.88
427890.0,,nabarangpur,3865782811,Badamba,phc,26.35,17.55
427884.0,,nabarangpur,3865782811,Badamba,phc,20.25,13.39
427860.0,,nabarangpur,3865782811,Badamba,phc,27.28,17.77
427859.0,,nabarangpur,3865782811,Badamba,phc,31.35,19.46
427805.0,,nabarangpur,4332588815,Kodinga,phc,3.78,1.6
427876.0,,nabarangpur,8628561485,Asanga (Kokidisemala),phc,17.78,10.93
427820.0,,nabarangpur,4332588815,Kodinga,phc,11.9,7.26
427881.0,,nabarangpur,3865782811,Badamba,phc,17.98,11.91
427882.0,,nabarangpur,3865782811,Badamba,phc,17.62,11.67
427831.0,,nabarangpur,8628561485,Asanga (Kokidisemala),phc,8.71,5.54
427861.0,,nabarangpur,3865782811,Badamba,phc,24.5,16.12
427821.0,,nabarangpur,4332588815,Kodinga,phc,12.3,6.92
427887.0,,nabarangpur,3865782811,Badamba,phc,6.82,4.55
427822.0,,nabarangpur,4332588815,Kodinga,phc,14.76,9.17
427863.0,,nabarangpur,3865782811,Badamba,phc,19.04,12.68
427819.0,,nabarangpur,4332588815,Kodinga,phc,11.33,6.88
427864.0,,nabarangpur,3865782811,Badamba,phc,10.55,7.04
427872.0,,nabarangpur,4332588815,Kodinga,phc,15.01,9.9
427800.0,,nabarangpur,4332588815,Kodinga,phc,10.76,7.06
427866.0,,nabarangpur,3865782811,Badamba,phc,15.87,10.57
427868.0,,nabarangpur,3865782811,Badamba,phc,20.53,13.61
427870.0,,nabarangpur,4332588815,Kodinga,phc,15.51,10.17
427867.0,,nabarangpur,3473177644,Katagam,phc,19.07,12.64
427803.0,,nabarangpur,4332588815,Kodinga,phc,0.0,0.0
427869.0,,nabarangpur,3473177644,Katagam,phc,18.57,12.29
427806.0,,nabarangpur,4332588815,Kodinga,phc,5.25,3.34
427855.0,,nabarangpur,1111438253,Motigaon,phc,16.63,11.06
427807.0,,nabarangpur,2845831748,Biriguda,phc,2.93,1.79
427875.0,,nabarangpur,4332588815,Kodinga,phc,12.85,7.9
427883.0,,nabarangpur,3865782811,Badamba,phc,16.84,11.15
427857.0,,nabarangpur,1111438253,Motigaon,phc,22.57,14.78
427790.0,,nabarangpur,6788573316,Sanagumuda,phc,9.54,6.36
427808.0,,nabarangpur,2845831748,Biriguda,phc,2.56,1.54
427702.0,,nabarangpur,6788573316,Sanagumuda,phc,5.97,3.96
427847.0,,nabarangpur,3473177644,Katagam,phc,6.5,4.25
427798.0,,nabarangpur,3473177644,Katagam,phc,7.79,5.13
427701.0,,nabarangpur,6788573316,Sanagumuda,phc,5.97,3.96
427788.0,,nabarangpur,6788573316,Sanagumuda,phc,1.66,1.1
427785.0,,nabarangpur,3473177644,Katagam,phc,5.48,3.65
427783.0,,nabarangpur,3473177644,Katagam,phc,0.0,0.0
427698.0,,nabarangpur,6788573316,Sanagumuda,phc,5.97,3.96
427794.0,,nabarangpur,4332588815,Kodinga,phc,3.83,1.62
427854.0,,nabarangpur,1111438253,Motigaon,phc,12.61,8.38
427699.0,,nabarangpur,6788573316,Sanagumuda,phc,5.97,3.96
427848.0,,nabarangpur,4332588815,Kodinga,phc,14.65,9.61
427795.0,,nabarangpur,6788573316,Sanagumuda,phc,5.5,3.67
427793.0,,nabarangpur,6788573316,Sanagumuda,phc,5.1,3.4
427851.0,,nabarangpur,3473177644,Katagam,phc,12.7,8.39
427796.0,,nabarangpur,6788573316,Sanagumuda,phc,11.4,7.6
427853.0,,nabarangpur,1111438253,Motigaon,phc,11.78,7.77
427780.0,,nabarangpur,5784556861,Borigaam,phc,30.77,15.94
427782.0,,nabarangpur,3473177644,Katagam,phc,3.62,2.33
427852.0,,nabarangpur,1111438253,Motigaon,phc,9.45,6.16
427792.0,,nabarangpur,6788573316,Sanagumuda,phc,4.81,3.21
427849.0,,nabarangpur,3473177644,Katagam,phc,13.4,8.87
427695.0,,nabarangpur,6788573316,Sanagumuda,phc,4.1,2.64
427697.0,,nabarangpur,6788573316,Sanagumuda,phc,7.29,4.84
427781.0,,nabarangpur,1111438253,Motigaon,phc,9.43,5.08
427787.0,,nabarangpur,5784556861,Borigaam,phc,41.42,20.38
427663.0,,nabarangpur,1111438253,Motigaon,phc,7.11,4.74
427777.0,,nabarangpur,5784556861,Borigaam,phc,23.86,13.06
427779.0,,nabarangpur,5784556861,Borigaam,phc,33.0,16.87
427846.0,,nabarangpur,1111438253,Motigaon,phc,0.0,0.0
427689.0,,nabarangpur,1888148317,Ravanaguda,phc,10.11,6.66
427691.0,,nabarangpur,6788573316,Sanagumuda,phc,10.51,6.98
427700.0,,nabarangpur,6788573316,Sanagumuda,phc,5.97,3.96
427786.0,,nabarangpur,5784556861,Borigaam,phc,42.58,20.86
427696.0,,nabarangpur,6788573316,Sanagumuda,phc,6.51,4.33
427692.0,,nabarangpur,6788573316,Sanagumuda,phc,8.8,5.85
427693.0,,nabarangpur,5784556861,Borigaam,phc,6.21,2.97
427690.0,,nabarangpur,1888148317,Ravanaguda,phc,11.23,7.4
427694.0,,nabarangpur,5784556861,Borigaam,phc,7.35,3.44
427778.0,,nabarangpur,5784556861,Borigaam,phc,28.77,15.1
427791.0,,nabarangpur,6788573316,Sanagumuda,phc,4.69,3.13
427784.0,,nabarangpur,3473177644,Katagam,phc,4.48,2.98
427789.0,,nabarangpur,6788573316,Sanagumuda,phc,0.0,0.0
427845.0,,nabarangpur,4332588815,Kodinga,phc,9.62,4.19
427623.0,,nabarangpur,4878525189,Singsari,phc,4.75,3.17
427661.0,,nabarangpur,4878525189,Singsari,phc,10.17,6.76
427659.0,,nabarangpur,4878525189,Singsari,phc,3.83,2.54
427572.0,,nabarangpur,4878525189,Singsari,phc,11.21,5.92
427389.0,,nabarangpur,4878525189,Singsari,phc,21.83,14.56
427390.0,,nabarangpur,4878525189,Singsari,phc,17.65,11.77
427391.0,,nabarangpur,4878525189,Singsari,phc,17.02,11.35
427625.0,,nabarangpur,4878525189,Singsari,phc,8.76,5.82
427660.0,,nabarangpur,4878525189,Singsari,phc,10.18,6.77
427624.0,,nabarangpur,4878525189,Singsari,phc,10.71,7.14
427622.0,,nabarangpur,4878525189,Singsari,phc,7.65,4.43
427570.0,,nabarangpur,4878525189,Singsari,phc,12.57,8.38
427392.0,,nabarangpur,4878525189,Singsari,phc,19.63,13.09
427571.0,,nabarangpur,4878525189,Singsari,phc,20.94,13.79
427344.0,,nabarangpur,5761344877,Badabharandi,phc,21.25,19.97
427349.0,,nabarangpur,5761344877,Badabharandi,phc,15.32,14.04
427341.0,,nabarangpur,8576812443,Sunabeda,phc,31.03,27.23
427374.0,,nabarangpur,5761344877,Badabharandi,phc,12.14,13.14
427378.0,,nabarangpur,5761344877,Badabharandi,phc,14.15,15.32
427383.0,,nabarangpur,4878525189,Singsari,phc,25.18,16.79
427384.0,,nabarangpur,4878525189,Singsari,phc,25.18,16.79
427343.0,,nabarangpur,5761344877,Badabharandi,phc,20.31,20.69
427376.0,,nabarangpur,5761344877,Badabharandi,phc,18.17,16.37
427381.0,,nabarangpur,5761344877,Badabharandi,phc,17.93,19.41
427385.0,,nabarangpur,4878525189,Singsari,phc,25.18,16.79
427394.0,,nabarangpur,4878525189,Singsari,phc,20.94,13.79
427387.0,,nabarangpur,4878525189,Singsari,phc,23.49,15.66
427386.0,,nabarangpur,4878525189,Singsari,phc,25.18,16.79
427379.0,,nabarangpur,5761344877,Badabharandi,phc,15.21,16.46
427377.0,,nabarangpur,5761344877,Badabharandi,phc,14.12,15.28
427380.0,,nabarangpur,5761344877,Badabharandi,phc,16.7,18.08
427375.0,,nabarangpur,5761344877,Badabharandi,phc,15.72,16.25
427382.0,,nabarangpur,8576812443,Sunabeda,phc,26.83,24.2
427342.0,,nabarangpur,8576812443,Sunabeda,phc,29.85,26.45
427393.0,,nabarangpur,4878525189,Singsari,phc,24.25,16.16
427664.0,,nabarangpur,1111438253,Motigaon,phc,19.86,12.0
427616.0,,nabarangpur,8482276352,Dhodra,phc,11.95,12.95
427671.0,,nabarangpur,1888148317,Ravanaguda,phc,3.35,2.23
427672.0,,nabarangpur,1888148317,Ravanaguda,phc,6.74,4.49
427665.0,,nabarangpur,5784556861,Borigaam,phc,16.29,9.9
427632.0,,nabarangpur,5784556861,Borigaam,phc,21.25,14.05
427613.0,,nabarangpur,1888148317,Ravanaguda,phc,19.82,14.62
427581.0,,nabarangpur,8482276352,Dhodra,phc,18.96,11.49
427648.0,,nabarangpur,1888148317,Ravanaguda,phc,9.98,6.64
427619.0,,nabarangpur,5784556861,Borigaam,phc,23.32,15.44
427658.0,,nabarangpur,4878525189,Singsari,phc,2.38,1.57
427621.0,,nabarangpur,4878525189,Singsari,phc,9.59,6.35
427615.0,,nabarangpur,6878682126,Mahendrai,phc,12.29,13.31
427578.0,,nabarangpur,8482276352,Dhodra,phc,12.04,8.2
427579.0,,nabarangpur,8482276352,Dhodra,phc,12.48,8.51
427675.0,,nabarangpur,1888148317,Ravanaguda,phc,10.0,6.66
427674.0,,nabarangpur,1888148317,Ravanaguda,phc,9.08,5.97
427654.0,,nabarangpur,5784556861,Borigaam,phc,18.1,11.95
427666.0,,nabarangpur,5784556861,Borigaam,phc,19.25,11.14
427667.0,,nabarangpur,5784556861,Borigaam,phc,7.75,5.09
427650.0,,nabarangpur,1888148317,Ravanaguda,phc,0.8,0.53
427633.0,,nabarangpur,1888148317,Ravanaguda,phc,0.0,0.0
427668.0,,nabarangpur,5784556861,Borigaam,phc,0.0,0.0
427576.0,,nabarangpur,4878525189,Singsari,phc,13.63,8.97
427575.0,,nabarangpur,4878525189,Singsari,phc,16.11,10.57
427577.0,,nabarangpur,4878525189,Singsari,phc,11.06,7.34
427580.0,,nabarangpur,8482276352,Dhodra,phc,25.11,14.05
427585.0,,nabarangpur,8482276352,Dhodra,phc,14.63,11.37
427614.0,,nabarangpur,6878682126,Mahendrai,phc,12.29,13.1
427676.0,,nabarangpur,6878682126,Mahendrai,phc,8.9,7.37
427582.0,,nabarangpur,8482276352,Dhodra,phc,21.62,12.6
427669.0,,nabarangpur,5784556861,Borigaam,phc,3.14,1.51
427573.0,,nabarangpur,4878525189,Singsari,phc,18.29,12.02
427617.0,,nabarangpur,8482276352,Dhodra,phc,8.18,8.86
427670.0,,nabarangpur,5784556861,Borigaam,phc,4.1,2.52
427583.0,,nabarangpur,8482276352,Dhodra,phc,25.98,14.78
427629.0,,nabarangpur,5784556861,Borigaam,phc,18.37,12.13
427626.0,,nabarangpur,4878525189,Singsari,phc,0.0,0.0
427630.0,,nabarangpur,5784556861,Borigaam,phc,20.52,13.57
427635.0,,nabarangpur,6878682126,Mahendrai,phc,12.1,11.93
427657.0,,nabarangpur,5784556861,Borigaam,phc,22.41,12.51
427655.0,,nabarangpur,5784556861,Borigaam,phc,9.59,6.32
427647.0,,nabarangpur,1888148317,Ravanaguda,phc,13.18,8.78
427656.0,,nabarangpur,5784556861,Borigaam,phc,13.4,8.82
427628.0,,nabarangpur,5784556861,Borigaam,phc,19.56,11.33
427653.0,,nabarangpur,5784556861,Borigaam,phc,5.06,3.3
427651.0,,nabarangpur,5784556861,Borigaam,phc,3.81,2.46
427649.0,,nabarangpur,1888148317,Ravanaguda,phc,0.05,0.03
427627.0,,nabarangpur,5784556861,Borigaam,phc,20.6,11.76
427634.0,,nabarangpur,6878682126,Mahendrai,phc,9.81,10.4
427612.0,,nabarangpur,6878682126,Mahendrai,phc,16.3,15.95
427618.0,,nabarangpur,8482276352,Dhodra,phc,25.98,14.78
427620.0,,nabarangpur,4878525189,Singsari,phc,12.1,8.01
427574.0,,nabarangpur,4878525189,Singsari,phc,14.79,7.41
427590.0,,nabarangpur,1888148317,Ravanaguda,phc,22.28,16.45
427584.0,,nabarangpur,8482276352,Dhodra,phc,6.21,6.73
427412.0,,nabarangpur,8482276352,Dhodra,phc,4.85,5.26
427589.0,,nabarangpur,1888148317,Ravanaguda,phc,27.79,20.13
427586.0,,nabarangpur,8482276352,Dhodra,phc,9.04,9.8
427673.0,,nabarangpur,1888148317,Ravanaguda,phc,9.4,6.24
427652.0,,nabarangpur,5784556861,Borigaam,phc,3.94,2.55
427631.0,,nabarangpur,5784556861,Borigaam,phc,20.52,13.57
427361.0,,nabarangpur,8576812443,Sunabeda,phc,8.33,5.7
427550.0,,nabarangpur,8256385777,Phupughon,phc,23.98,16.4
427373.0,,nabarangpur,5761344877,Badabharandi,phc,9.64,10.43
427417.0,,nabarangpur,8482276352,Dhodra,phc,30.35,26.97
427414.0,,nabarangpur,8482276352,Dhodra,phc,4.94,4.92
427410.0,,nabarangpur,8482276352,Dhodra,phc,1.82,1.97
427419.0,,nabarangpur,8482276352,Dhodra,phc,33.01,28.75
427356.0,,nabarangpur,5761344877,Badabharandi,phc,11.46,10.47
427546.0,,nabarangpur,5761344877,Badabharandi,phc,27.83,22.97
427396.0,,nabarangpur,5761344877,Badabharandi,phc,9.68,8.6
427395.0,,nabarangpur,5761344877,Badabharandi,phc,14.59,11.87
427368.0,,nabarangpur,1441784434,Kodavatta,phc,4.51,2.99
427371.0,,nabarangpur,5761344877,Badabharandi,phc,2.08,2.26
427551.0,,nabarangpur,8256385777,Phupughon,phc,26.48,18.07
250567.0,,nabarangpur,5761344877,Badabharandi,phc,6.9,7.19
427366.0,,nabarangpur,8576812443,Sunabeda,phc,12.15,8.74
427367.0,,nabarangpur,5761344877,Badabharandi,phc,30.0,24.42
427401.0,,nabarangpur,8482276352,Dhodra,phc,0.0,0.0
427407.0,,nabarangpur,8482276352,Dhodra,phc,4.6,2.15
427405.0,,nabarangpur,1441784434,Kodavatta,phc,5.41,3.17
427402.0,,nabarangpur,5761344877,Badabharandi,phc,0.0,0.0
427406.0,,nabarangpur,1441784434,Kodavatta,phc,7.08,4.48
427370.0,,nabarangpur,8576812443,Sunabeda,phc,8.96,6.19
427398.0,,nabarangpur,8482276352,Dhodra,phc,3.74,2.71
427415.0,,nabarangpur,8482276352,Dhodra,phc,9.8,8.16
427363.0,,nabarangpur,8576812443,Sunabeda,phc,10.36,7.31
427544.0,,nabarangpur,8256385777,Phupughon,phc,21.88,15.0
427355.0,,nabarangpur,5761344877,Badabharandi,phc,12.65,11.5
427562.0,,nabarangpur,5761344877,Badabharandi,phc,30.96,25.06
427561.0,,nabarangpur,8256385777,Phupughon,phc,30.78,20.94
427404.0,,nabarangpur,1441784434,Kodavatta,phc,0.0,0.0
427552.0,,nabarangpur,8256385777,Phupughon,phc,28.29,19.28
427369.0,,nabarangpur,1441784434,Kodavatta,phc,0.12,0.08
427399.0,,nabarangpur,8482276352,Dhodra,phc,6.47,4.52
427400.0,,nabarangpur,8482276352,Dhodra,phc,3.78,2.73
427409.0,,nabarangpur,8482276352,Dhodra,phc,1.45,1.18
427408.0,,nabarangpur,1441784434,Kodavatta,phc,7.5,4.92
427416.0,,nabarangpur,8482276352,Dhodra,phc,30.98,27.39
427587.0,,nabarangpur,8482276352,Dhodra,phc,28.1,25.47
427411.0,,nabarangpur,8482276352,Dhodra,phc,28.92,15.63
427588.0,,nabarangpur,8482276352,Dhodra,phc,27.28,24.93
427418.0,,nabarangpur,8482276352,Dhodra,phc,32.94,28.7
427563.0,,nabarangpur,1441784434,Kodavatta,phc,4.51,2.99
427397.0,,nabarangpur,5761344877,Badabharandi,phc,1.11,1.21
427560.0,,nabarangpur,8256385777,Phupughon,phc,30.65,20.86
427403.0,,nabarangpur,5761344877,Badabharandi,phc,1.13,1.22
427549.0,,nabarangpur,5761344877,Badabharandi,phc,31.63,25.51
427553.0,,nabarangpur,8256385777,Phupughon,phc,2.98,2.33
427548.0,,nabarangpur,5761344877,Badabharandi,phc,30.0,24.42
427365.0,,nabarangpur,8576812443,Sunabeda,phc,10.89,7.73
427372.0,,nabarangpur,5761344877,Badabharandi,phc,9.36,9.42
427362.0,,nabarangpur,8576812443,Sunabeda,phc,8.36,5.7
427360.0,,nabarangpur,5761344877,Badabharandi,phc,10.51,9.84
427542.0,,nabarangpur,8256385777,Phupughon,phc,5.81,4.23
427519.0,,nabarangpur,8576812443,Sunabeda,phc,13.95,10.18
427547.0,,nabarangpur,8576812443,Sunabeda,phc,20.18,14.6
427413.0,,nabarangpur,8482276352,Dhodra,phc,5.41,5.86
427936.0,,nabarangpur,1235356613,Gumaguda,phc,28.14,17.46
427957.0,,nabarangpur,1235356613,Gumaguda,phc,14.03,12.8
427930.0,,nabarangpur,1235356613,Gumaguda,phc,1.04,1.48
427834.0,,nabarangpur,8628561485,Asanga (Kokidisemala),phc,21.12,13.85
427940.0,,nabarangpur,1235356613,Gumaguda,phc,3.98,5.26
427958.0,,nabarangpur,1235356613,Gumaguda,phc,19.06,16.16
427811.0,,nabarangpur,2845831748,Biriguda,phc,2.7,1.61
427769.0,,nabarangpur,1235356613,Gumaguda,phc,10.86,10.77
427924.0,,nabarangpur,4713818765,Jambaguda,phc,5.75,3.75
427925.0,,nabarangpur,4713818765,Jambaguda,phc,0.22,0.15
427943.0,,nabarangpur,1235356613,Gumaguda,phc,10.46,9.09
427814.0,,nabarangpur,2845831748,Biriguda,phc,10.91,6.48
427954.0,,nabarangpur,1235356613,Gumaguda,phc,9.03,9.46
427764.0,,nabarangpur,1235356613,Gumaguda,phc,17.27,14.15
427938.0,,nabarangpur,1235356613,Gumaguda,phc,13.65,12.55
427956.0,,nabarangpur,1235356613,Gumaguda,phc,12.7,11.91
427933.0,,nabarangpur,1235356613,Gumaguda,phc,23.73,15.99
427772.0,,nabarangpur,4713818765,Jambaguda,phc,6.66,4.36
427932.0,,nabarangpur,1235356613,Gumaguda,phc,0.0,0.0
427934.0,,nabarangpur,1235356613,Gumaguda,phc,23.73,15.99
427953.0,,nabarangpur,1235356613,Gumaguda,phc,5.53,5.76
427920.0,,nabarangpur,1235356613,Gumaguda,phc,1.82,2.57
427959.0,,nabarangpur,8628561485,Asanga (Kokidisemala),phc,19.12,12.61
427768.0,,nabarangpur,1235356613,Gumaguda,phc,9.22,9.74
427836.0,,nabarangpur,1235356613,Gumaguda,phc,23.89,19.37
427935.0,,nabarangpur,1235356613,Gumaguda,phc,29.5,17.92
427941.0,,nabarangpur,1235356613,Gumaguda,phc,11.78,10.83
427763.0,,nabarangpur,2845831748,Biriguda,phc,12.16,7.65
427816.0,,nabarangpur,4332588815,Kodinga,phc,15.91,9.47
427832.0,,nabarangpur,8628561485,Asanga (Kokidisemala),phc,9.89,6.51
427955.0,,nabarangpur,1235356613,Gumaguda,phc,11.59,11.17
250569.0,,nabarangpur,1235356613,Gumaguda,phc,5.68,8.04
427833.0,,nabarangpur,8628561485,Asanga (Kokidisemala),phc,19.76,13.1
427937.0,,nabarangpur,1235356613,Gumaguda,phc,21.18,15.14
427835.0,,nabarangpur,8628561485,Asanga (Kokidisemala),phc,23.68,15.57
427942.0,,nabarangpur,1235356613,Gumaguda,phc,9.09,8.17
427765.0,,nabarangpur,1235356613,Gumaguda,phc,12.76,10.97
427922.0,,nabarangpur,1235356613,Gumaguda,phc,0.15,0.21
427926.0,,nabarangpur,4713818765,Jambaguda,phc,0.0,0.0
427923.0,,nabarangpur,1235356613,Gumaguda,phc,7.74,7.26
427931.0,,nabarangpur,1235356613,Gumaguda,phc,0.76,1.08
427770.0,,nabarangpur,1235356613,Gumaguda,phc,0.72,1.02
427813.0,,nabarangpur,2845831748,Biriguda,phc,6.82,4.35
427919.0,,nabarangpur,1235356613,Gumaguda,phc,12.76,10.97
427771.0,,nabarangpur,4713818765,Jambaguda,phc,6.66,4.36
427921.0,,nabarangpur,1235356613,Gumaguda,phc,1.43,2.03
427815.0,,nabarangpur,4332588815,Kodinga,phc,16.0,8.49
427812.0,,nabarangpur,2845831748,Biriguda,phc,3.76,2.31
427775.0,,nabarangpur,4713818765,Jambaguda,phc,0.0,0.0
427773.0,,nabarangpur,4713818765,Jambaguda,phc,6.66,4.36
427762.0,,nabarangpur,2845831748,Biriguda,phc,8.22,5.02
427766.0,,nabarangpur,1235356613,Gumaguda,phc,12.47,11.42
427767.0,,nabarangpur,1235356613,Gumaguda,phc,12.05,10.68
427774.0,,nabarangpur,4365884131,Tumbarla,phc,11.76,7.79
427939.0,,nabarangpur,1235356613,Gumaguda,phc,11.78,11.3
427747.0,,nabarangpur,4365884131,Tumbarla,phc,3.66,3.73
427707.0,,nabarangpur,6878682126,Mahendrai,phc,9.04,8.56
427734.0,,nabarangpur,4365884131,Tumbarla,phc,2.52,1.96
427748.0,,nabarangpur,4365884131,Tumbarla,phc,5.19,5.9
427706.0,,nabarangpur,1235356613,Gumaguda,phc,8.1,10.17
427776.0,,nabarangpur,1235356613,Gumaguda,phc,5.7,6.98
427729.0,,nabarangpur,4365884131,Tumbarla,phc,10.88,7.16
427760.0,,nabarangpur,6878682126,Mahendrai,phc,16.15,9.82
427759.0,,nabarangpur,6878682126,Mahendrai,phc,10.3,8.68
427736.0,,nabarangpur,4365884131,Tumbarla,phc,2.79,2.5
427704.0,,nabarangpur,6878682126,Mahendrai,phc,6.73,6.3
427735.0,,nabarangpur,4365884131,Tumbarla,phc,2.15,1.44
427809.0,,nabarangpur,6878682126,Mahendrai,phc,13.32,10.69
427739.0,,nabarangpur,4365884131,Tumbarla,phc,3.48,2.32
427756.0,,nabarangpur,6878682126,Mahendrai,phc,6.64,7.19
427753.0,,nabarangpur,1235356613,Gumaguda,phc,7.57,9.6
427723.0,,nabarangpur,5747721784,Maidalpur,phc,9.01,6.94
427744.0,,nabarangpur,1235356613,Gumaguda,phc,11.39,10.9
427810.0,,nabarangpur,2845831748,Biriguda,phc,0.0,0.0
427737.0,,nabarangpur,4365884131,Tumbarla,phc,0.0,0.0
427738.0,,nabarangpur,4365884131,Tumbarla,phc,3.88,2.58
427755.0,,nabarangpur,6878682126,Mahendrai,phc,15.18,9.41
427754.0,,nabarangpur,6878682126,Mahendrai,phc,8.31,9.0
427749.0,,nabarangpur,4365884131,Tumbarla,phc,5.81,6.77
427743.0,,nabarangpur,4365884131,Tumbarla,phc,9.07,6.05
427751.0,,nabarangpur,1235356613,Gumaguda,phc,5.58,6.84
427746.0,,nabarangpur,4365884131,Tumbarla,phc,4.54,4.99
427750.0,,nabarangpur,4365884131,Tumbarla,phc,5.88,6.88
427684.0,,nabarangpur,6878682126,Mahendrai,phc,13.4,11.48
427683.0,,nabarangpur,5747721784,Maidalpur,phc,12.22,8.51
427724.0,,nabarangpur,5747721784,Maidalpur,phc,2.08,2.94
427682.0,,nabarangpur,5747721784,Maidalpur,phc,14.63,10.11
427733.0,,nabarangpur,4365884131,Tumbarla,phc,3.44,3.26
427725.0,,nabarangpur,5747721784,Maidalpur,phc,5.86,4.2
427761.0,,nabarangpur,2845831748,Biriguda,phc,16.37,9.41
427752.0,,nabarangpur,1235356613,Gumaguda,phc,12.82,11.36
427703.0,,nabarangpur,6878682126,Mahendrai,phc,11.29,9.34
427686.0,,nabarangpur,6878682126,Mahendrai,phc,11.04,9.9
427732.0,,nabarangpur,4365884131,Tumbarla,phc,3.7,3.62
427731.0,,nabarangpur,4365884131,Tumbarla,phc,5.8,3.78
427730.0,,nabarangpur,4365884131,Tumbarla,phc,9.19,6.03
427685.0,,nabarangpur,6878682126,Mahendrai,phc,13.4,11.48
427688.0,,nabarangpur,6878682126,Mahendrai,phc,6.38,5.69
427687.0,,nabarangpur,6878682126,Mahendrai,phc,0.0,0.0
427679.0,,nabarangpur,6878682126,Mahendrai,phc,7.72,6.51
427757.0,,nabarangpur,6878682126,Mahendrai,phc,9.06,6.87
427758.0,,nabarangpur,6878682126,Mahendrai,phc,8.97,7.79
427705.0,,nabarangpur,6878682126,Mahendrai,phc,6.75,7.31
427745.0,,nabarangpur,1235356613,Gumaguda,phc,10.85,9.81
427742.0,,nabarangpur,4365884131,Tumbarla,phc,10.53,7.03
427983.0,,nabarangpur,8452354775,Patraput,phc,0.96,0.64
428022.0,,nabarangpur,8433434258,Ekamba,phc,4.34,2.9
427947.0,,nabarangpur,8433434258,Ekamba,phc,4.13,2.75
428062.0,,nabarangpur,3773678259,Panaspadar,phc,6.71,4.42
428005.0,,nabarangpur,1556748844,Anchalgumma,phc,12.63,8.4
428046.0,,nabarangpur,3773678259,Panaspadar,phc,13.9,9.13
427993.0,,nabarangpur,1556748844,Anchalgumma,phc,10.04,6.63
427994.0,,nabarangpur,1556748844,Anchalgumma,phc,10.04,6.63
428028.0,,nabarangpur,4713818765,Jambaguda,phc,52.57,44.5
428014.0,,nabarangpur,8433434258,Ekamba,phc,1.18,0.79
427946.0,,nabarangpur,8433434258,Ekamba,phc,6.31,4.21
427948.0,,nabarangpur,8433434258,Ekamba,phc,2.44,1.63
427986.0,,nabarangpur,8452354775,Patraput,phc,5.45,3.63
428048.0,,nabarangpur,3773678259,Panaspadar,phc,10.31,6.81
428035.0,,nabarangpur,3213884582,Mangordora,phc,7.77,5.18
428029.0,,nabarangpur,3213884582,Mangordora,phc,0.0,0.0
428007.0,,nabarangpur,1556748844,Anchalgumma,phc,12.63,8.4
428057.0,,nabarangpur,3773678259,Panaspadar,phc,8.11,5.29
427949.0,,nabarangpur,8433434258,Ekamba,phc,0.29,0.19
428069.0,,nabarangpur,4448317232,Jagannathpur,phc,3.57,2.39
427740.0,,nabarangpur,4365884131,Tumbarla,phc,6.66,4.44
427988.0,,nabarangpur,8452354775,Patraput,phc,14.33,9.55
428027.0,,nabarangpur,4365884131,Tumbarla,phc,11.97,7.98
427929.0,,nabarangpur,4713818765,Jambaguda,phc,0.22,0.15
428033.0,,nabarangpur,3213884582,Mangordora,phc,11.84,7.89
428019.0,,nabarangpur,3773678259,Panaspadar,phc,18.88,12.47
428017.0,,nabarangpur,1556748844,Anchalgumma,phc,14.23,9.4
428008.0,,nabarangpur,1556748844,Anchalgumma,phc,12.86,8.49
427989.0,,nabarangpur,1556748844,Anchalgumma,phc,3.92,2.61
428068.0,,nabarangpur,3773678259,Panaspadar,phc,1.13,0.75
427741.0,,nabarangpur,4365884131,Tumbarla,phc,17.83,11.84
427990.0,,nabarangpur,1556748844,Anchalgumma,phc,0.0,0.0
427996.0,,nabarangpur,8433434258,Ekamba,phc,9.37,6.17
427987.0,,nabarangpur,8452354775,Patraput,phc,8.68,5.79
428021.0,,nabarangpur,8433434258,Ekamba,phc,5.11,3.42
428001.0,,nabarangpur,1556748844,Anchalgumma,phc,12.63,8.4
428000.0,,nabarangpur,1556748844,Anchalgumma,phc,12.12,8.06
428018.0,,nabarangpur,3773678259,Panaspadar,phc,21.68,14.33
427928.0,,nabarangpur,8433434258,Ekamba,phc,10.24,6.84
428040.0,,nabarangpur,3773678259,Panaspadar,phc,14.45,9.53
427945.0,,nabarangpur,1235356613,Gumaguda,phc,19.23,15.78
428045.0,,nabarangpur,3773678259,Panaspadar,phc,11.87,7.81
428041.0,,nabarangpur,3773678259,Panaspadar,phc,17.56,11.21
428015.0,,nabarangpur,8433434258,Ekamba,phc,4.21,2.81
427944.0,,nabarangpur,1235356613,Gumaguda,phc,18.62,15.37
428043.0,,nabarangpur,3773678259,Panaspadar,phc,16.1,10.32
428020.0,,nabarangpur,3773678259,Panaspadar,phc,0.0,0.0
428013.0,,nabarangpur,8433434258,Ekamba,phc,10.46,6.9
428016.0,,nabarangpur,1556748844,Anchalgumma,phc,14.26,9.42
428042.0,,nabarangpur,3773678259,Panaspadar,phc,16.29,10.75
428044.0,,nabarangpur,3773678259,Panaspadar,phc,14.96,9.83
428039.0,,nabarangpur,3773678259,Panaspadar,phc,17.18,11.34
428047.0,,nabarangpur,3773678259,Panaspadar,phc,14.4,9.46
428009.0,,nabarangpur,1556748844,Anchalgumma,phc,11.81,7.78
428010.0,,nabarangpur,1556748844,Anchalgumma,phc,11.72,7.72
428032.0,,nabarangpur,3213884582,Mangordora,phc,11.7,7.8
428034.0,,nabarangpur,3213884582,Mangordora,phc,13.41,8.93
428011.0,,nabarangpur,8433434258,Ekamba,phc,10.98,7.25
428012.0,,nabarangpur,8433434258,Ekamba,phc,10.98,7.25
428006.0,,nabarangpur,3773678259,Panaspadar,phc,20.66,13.65
427927.0,,nabarangpur,4713818765,Jambaguda,phc,0.0,0.0
427997.0,,nabarangpur,1556748844,Anchalgumma,phc,8.42,5.44
427985.0,,nabarangpur,4713818765,Jambaguda,phc,50.21,42.92
427980.0,,nabarangpur,4365884131,Tumbarla,phc,18.86,12.42
428037.0,,nabarangpur,3773678259,Panaspadar,phc,15.16,9.97
427995.0,,nabarangpur,1556748844,Anchalgumma,phc,9.72,6.49
427992.0,,nabarangpur,1556748844,Anchalgumma,phc,6.97,4.65
427998.0,,nabarangpur,1556748844,Anchalgumma,phc,8.42,5.44
427991.0,,nabarangpur,1556748844,Anchalgumma,phc,4.05,2.7
428038.0,,nabarangpur,3773678259,Panaspadar,phc,19.78,13.07
427999.0,,nabarangpur,1556748844,Anchalgumma,phc,11.08,7.03
428026.0,,nabarangpur,1556748844,Anchalgumma,phc,10.04,6.63
427727.0,,nabarangpur,8452354775,Patraput,phc,14.06,9.3
427728.0,,nabarangpur,4365884131,Tumbarla,phc,12.6,8.24
428030.0,,nabarangpur,3213884582,Mangordora,phc,2.41,1.61
427984.0,,nabarangpur,4365884131,Tumbarla,phc,18.27,12.18
427979.0,,nabarangpur,4365884131,Tumbarla,phc,14.97,9.98
427982.0,,nabarangpur,8452354775,Patraput,phc,0.0,0.0
428090.0,,nabarangpur,3773678259,Panaspadar,phc,10.94,7.16
428036.0,,nabarangpur,3213884582,Mangordora,phc,1.64,1.09
428002.0,,nabarangpur,3213884582,Mangordora,phc,0.0,0.0
427981.0,,nabarangpur,8452354775,Patraput,phc,3.73,2.49
428003.0,,nabarangpur,3213884582,Mangordora,phc,4.66,3.11
428004.0,,nabarangpur,3213884582,Mangordora,phc,0.0,0.0
428050.0,,nabarangpur,3773678259,Panaspadar,phc,11.98,7.92
427608.0,,nabarangpur,6878682126,Mahendrai,phc,12.01,11.25
427611.0,,nabarangpur,6878682126,Mahendrai,phc,18.17,16.73
427721.0,,nabarangpur,5747721784,Maidalpur,phc,3.5,2.7
427716.0,,nabarangpur,5747721784,Maidalpur,phc,4.28,3.14
427640.0,,nabarangpur,6878682126,Mahendrai,phc,31.81,18.95
427603.0,,nabarangpur,6878682126,Mahendrai,phc,32.12,19.03
427710.0,,nabarangpur,5747721784,Maidalpur,phc,19.25,13.03
427719.0,,nabarangpur,5747721784,Maidalpur,phc,6.61,3.18
427712.0,,nabarangpur,5747721784,Maidalpur,phc,15.75,10.66
427713.0,,nabarangpur,5747721784,Maidalpur,phc,14.49,8.75
427642.0,,nabarangpur,5747721784,Maidalpur,phc,14.96,10.34
427638.0,,nabarangpur,6878682126,Mahendrai,phc,24.23,15.79
427637.0,,nabarangpur,6878682126,Mahendrai,phc,10.56,9.93
427715.0,,nabarangpur,5747721784,Maidalpur,phc,7.44,5.21
427594.0,,nabarangpur,8256385777,Phupughon,phc,11.78,10.8
427592.0,,nabarangpur,8256385777,Phupughon,phc,10.31,9.45
427722.0,,nabarangpur,5747721784,Maidalpur,phc,9.47,6.68
427604.0,,nabarangpur,6878682126,Mahendrai,phc,32.12,19.03
427681.0,,nabarangpur,6878682126,Mahendrai,phc,14.18,10.82
427646.0,,nabarangpur,6878682126,Mahendrai,phc,7.57,8.2
427645.0,,nabarangpur,6878682126,Mahendrai,phc,8.78,7.22
427717.0,,nabarangpur,5747721784,Maidalpur,phc,1.29,1.83
427595.0,,nabarangpur,8256385777,Phupughon,phc,9.12,8.37
427678.0,,nabarangpur,6878682126,Mahendrai,phc,5.22,4.84
427680.0,,nabarangpur,6878682126,Mahendrai,phc,11.02,8.71
427596.0,,nabarangpur,8256385777,Phupughon,phc,9.53,8.74
427591.0,,nabarangpur,1888148317,Ravanaguda,phc,24.2,17.73
427639.0,,nabarangpur,6878682126,Mahendrai,phc,19.4,13.78
427711.0,,nabarangpur,5747721784,Maidalpur,phc,20.77,14.04
427601.0,,nabarangpur,5747721784,Maidalpur,phc,21.11,14.27
427605.0,,nabarangpur,8256385777,Phupughon,phc,12.87,11.8
427606.0,,nabarangpur,8256385777,Phupughon,phc,12.85,11.78
427709.0,,nabarangpur,5747721784,Maidalpur,phc,14.87,10.14
427641.0,,nabarangpur,6878682126,Mahendrai,phc,29.06,17.8
427677.0,,nabarangpur,6878682126,Mahendrai,phc,5.47,5.09
427644.0,,nabarangpur,6878682126,Mahendrai,phc,12.59,9.76
427720.0,,nabarangpur,5747721784,Maidalpur,phc,0.0,0.0
427718.0,,nabarangpur,5747721784,Maidalpur,phc,7.85,3.56
427609.0,,nabarangpur,6878682126,Mahendrai,phc,13.85,12.94
427607.0,,nabarangpur,6878682126,Mahendrai,phc,16.91,12.74
427643.0,,nabarangpur,6878682126,Mahendrai,phc,27.57,17.18
427636.0,,nabarangpur,6878682126,Mahendrai,phc,10.65,10.0
427714.0,,nabarangpur,5747721784,Maidalpur,phc,14.84,10.17
427602.0,,nabarangpur,6878682126,Mahendrai,phc,32.12,19.03
427610.0,,nabarangpur,8256385777,Phupughon,phc,12.34,11.31
427600.0,,nabarangpur,5747721784,Maidalpur,phc,21.11,14.27
427528.0,,nabarangpur,4472686411,Ichhapur,phc,0.0,0.0
427555.0,,nabarangpur,4472686411,Ichhapur,phc,4.61,3.07
427556.0,,nabarangpur,4472686411,Ichhapur,phc,2.87,1.91
427598.0,,nabarangpur,5747721784,Maidalpur,phc,27.0,18.21
427530.0,,nabarangpur,4472686411,Ichhapur,phc,9.41,6.27
427593.0,,nabarangpur,8256385777,Phupughon,phc,9.46,8.68
427539.0,,nabarangpur,4472686411,Ichhapur,phc,0.13,0.08
427566.0,,nabarangpur,8256385777,Phupughon,phc,4.42,4.05
427597.0,,nabarangpur,5747721784,Maidalpur,phc,27.08,18.27
427569.0,,nabarangpur,8256385777,Phupughon,phc,8.35,7.66
427564.0,,nabarangpur,8256385777,Phupughon,phc,5.29,4.86
427537.0,,nabarangpur,4472686411,Ichhapur,phc,3.85,2.56
427559.0,,nabarangpur,8256385777,Phupughon,phc,3.12,2.86
427541.0,,nabarangpur,8256385777,Phupughon,phc,6.22,4.5
427557.0,,nabarangpur,4472686411,Ichhapur,phc,2.32,1.54
427554.0,,nabarangpur,8256385777,Phupughon,phc,0.0,0.0
427708.0,,nabarangpur,5747721784,Maidalpur,phc,19.62,13.3
427599.0,,nabarangpur,5747721784,Maidalpur,phc,26.69,18.01
427568.0,,nabarangpur,8256385777,Phupughon,phc,8.24,7.56
427565.0,,nabarangpur,8256385777,Phupughon,phc,6.58,6.04
427567.0,,nabarangpur,8256385777,Phupughon,phc,6.21,5.69
427558.0,,nabarangpur,5747721784,Maidalpur,phc,27.08,18.27
427536.0,,nabarangpur,4472686411,Ichhapur,phc,4.85,3.22
427538.0,,nabarangpur,4472686411,Ichhapur,phc,2.44,1.62
427529.0,,nabarangpur,4472686411,Ichhapur,phc,5.22,3.47
427540.0,,nabarangpur,4472686411,Ichhapur,phc,7.33,4.89
427726.0,,nabarangpur,5747721784,Maidalpur,phc,9.25,6.39
427352.0,,nabarangpur,5761344877,Badabharandi,phc,17.3,14.52
427351.0,,nabarangpur,5761344877,Badabharandi,phc,19.21,15.77
427347.0,,nabarangpur,5761344877,Badabharandi,phc,22.54,18.38
427315.0,,nabarangpur,1611172675,Kurabeda,phc,20.73,13.56
427340.0,,nabarangpur,1611172675,Kurabeda,phc,37.07,24.14
427350.0,,nabarangpur,5761344877,Badabharandi,phc,19.43,16.26
427332.0,,nabarangpur,5761344877,Badabharandi,phc,18.05,15.36
427337.0,,nabarangpur,1611172675,Kurabeda,phc,35.93,23.38
427333.0,,nabarangpur,4357836453,Kursi,phc,24.49,14.54
427334.0,,nabarangpur,1111438139,Kumuli,phc,24.68,17.54
427348.0,,nabarangpur,5761344877,Badabharandi,phc,17.68,16.23
427339.0,,nabarangpur,1611172675,Kurabeda,phc,32.67,21.5
427316.0,,nabarangpur,1111438139,Kumuli,phc,20.64,15.23
427269.0,,nabarangpur,1611172675,Kurabeda,phc,26.53,15.94
427345.0,,nabarangpur,8576812443,Sunabeda,phc,32.06,23.22
427346.0,,nabarangpur,4357836453,Kursi,phc,33.32,18.48
427336.0,,nabarangpur,1611172675,Kurabeda,phc,29.88,19.63
427335.0,,nabarangpur,1611172675,Kurabeda,phc,27.23,17.59
427314.0,,nabarangpur,1611172675,Kurabeda,phc,25.64,16.85
427338.0,,nabarangpur,1611172675,Kurabeda,phc,33.94,22.42
427244.0,,nabarangpur,1331158616,Raighar,phc,12.47,8.25
427252.0,,nabarangpur,1111438139,Kumuli,phc,6.91,3.72
427234.0,,nabarangpur,1331158616,Raighar,phc,6.58,4.76
427245.0,,nabarangpur,1331158616,Raighar,phc,10.06,6.69
427236.0,,nabarangpur,1331158616,Raighar,phc,9.18,7.02
427253.0,,nabarangpur,1111438139,Kumuli,phc,3.86,2.27
427268.0,,nabarangpur,1111438139,Kumuli,phc,7.48,5.09
427257.0,,nabarangpur,1331158616,Raighar,phc,6.86,4.51
427246.0,,nabarangpur,1331158616,Raighar,phc,5.56,3.33
427230.0,,nabarangpur,7857217470,Dumurimunda,phc,5.77,3.6
427226.0,,nabarangpur,7857217470,Dumurimunda,phc,8.65,5.59
427263.0,,nabarangpur,1611172675,Kurabeda,phc,6.58,4.15
427260.0,,nabarangpur,1611172675,Kurabeda,phc,7.85,3.82
427247.0,,nabarangpur,1331158616,Raighar,phc,5.77,3.85
427265.0,,nabarangpur,1611172675,Kurabeda,phc,4.41,2.94
427248.0,,nabarangpur,1331158616,Raighar,phc,3.09,2.06
427261.0,,nabarangpur,1611172675,Kurabeda,phc,9.53,5.39
427313.0,,nabarangpur,6468124869,Jodinga,phc,10.43,6.48
427241.0,,nabarangpur,1611172675,Kurabeda,phc,15.66,9.45
427258.0,,nabarangpur,1331158616,Raighar,phc,7.75,4.94
427254.0,,nabarangpur,1111438139,Kumuli,phc,0.0,0.0
427238.0,,nabarangpur,1331158616,Raighar,phc,17.86,12.35
427200.0,,nabarangpur,6468124869,Jodinga,phc,15.47,8.24
427267.0,,nabarangpur,1331158616,Raighar,phc,13.5,8.75
427259.0,,nabarangpur,1611172675,Kurabeda,phc,7.55,4.58
427256.0,,nabarangpur,1111438139,Kumuli,phc,9.33,5.0
427251.0,,nabarangpur,1111438139,Kumuli,phc,9.52,6.29
427266.0,,nabarangpur,1611172675,Kurabeda,phc,10.32,6.88
427262.0,,nabarangpur,1611172675,Kurabeda,phc,11.64,7.29
427249.0,,nabarangpur,1331158616,Raighar,phc,4.14,2.77
427255.0,,nabarangpur,1111438139,Kumuli,phc,5.94,2.46
427270.0,,nabarangpur,1331158616,Raighar,phc,0.0,0.0
427240.0,,nabarangpur,6468124869,Jodinga,phc,20.25,12.23
427242.0,,nabarangpur,1331158616,Raighar,phc,13.57,8.99
427250.0,,nabarangpur,1331158616,Raighar,phc,5.54,3.7
427232.0,,nabarangpur,1331158616,Raighar,phc,2.85,2.02
427227.0,,nabarangpur,1331158616,Raighar,phc,5.5,3.68
427233.0,,nabarangpur,1331158616,Raighar,phc,5.79,4.44
427228.0,,nabarangpur,1331158616,Raighar,phc,4.99,3.32
427243.0,,nabarangpur,1331158616,Raighar,phc,9.51,6.34
427231.0,,nabarangpur,1331158616,Raighar,phc,5.44,3.74
427264.0,,nabarangpur,1611172675,Kurabeda,phc,0.0,0.0
427358.0,,nabarangpur,8576812443,Sunabeda,phc,3.63,2.42
427319.0,,nabarangpur,4357836453,Kursi,phc,0.0,0.0
427545.0,,nabarangpur,8576812443,Sunabeda,phc,23.33,16.7
427518.0,,nabarangpur,8576812443,Sunabeda,phc,14.57,10.67
427509.0,,nabarangpur,8576812443,Sunabeda,phc,27.24,19.32
427516.0,,nabarangpur,8256385777,Phupughon,phc,19.24,13.76
427517.0,,nabarangpur,8576812443,Sunabeda,phc,19.45,14.11
427364.0,,nabarangpur,8576812443,Sunabeda,phc,12.44,8.97
427330.0,,nabarangpur,5761344877,Badabharandi,phc,15.4,12.21
427521.0,,nabarangpur,8576812443,Sunabeda,phc,18.02,13.44
427328.0,,nabarangpur,5761344877,Badabharandi,phc,18.75,14.68
427513.0,,nabarangpur,8256385777,Phupughon,phc,16.45,10.73
427325.0,,nabarangpur,8576812443,Sunabeda,phc,0.0,0.0
427322.0,,nabarangpur,8576812443,Sunabeda,phc,29.77,21.0
427318.0,,nabarangpur,1111438139,Kumuli,phc,14.73,9.47
427321.0,,nabarangpur,4357836453,Kursi,phc,20.29,13.52
427520.0,,nabarangpur,8576812443,Sunabeda,phc,17.16,12.59
427323.0,,nabarangpur,8576812443,Sunabeda,phc,2.11,1.41
427327.0,,nabarangpur,8576812443,Sunabeda,phc,20.2,12.99
427510.0,,nabarangpur,8576812443,Sunabeda,phc,28.1,19.88
427357.0,,nabarangpur,5761344877,Badabharandi,phc,11.94,10.6
427543.0,,nabarangpur,8256385777,Phupughon,phc,20.46,14.06
427359.0,,nabarangpur,8576812443,Sunabeda,phc,5.89,3.93
427522.0,,nabarangpur,8256385777,Phupughon,phc,19.56,13.46
427526.0,,nabarangpur,8256385777,Phupughon,phc,18.83,12.97
427354.0,,nabarangpur,5761344877,Badabharandi,phc,15.79,13.54
427324.0,,nabarangpur,8576812443,Sunabeda,phc,9.95,6.98
427515.0,,nabarangpur,8256385777,Phupughon,phc,17.61,12.45
427514.0,,nabarangpur,8256385777,Phupughon,phc,16.52,11.58
427329.0,,nabarangpur,4357836453,Kursi,phc,7.69,5.12
427331.0,,nabarangpur,4357836453,Kursi,phc,9.8,6.53
427317.0,,nabarangpur,1111438139,Kumuli,phc,13.43,10.49
427524.0,,nabarangpur,8256385777,Phupughon,phc,18.05,12.45
427523.0,,nabarangpur,8256385777,Phupughon,phc,18.28,12.6
427525.0,,nabarangpur,8256385777,Phupughon,phc,15.66,10.9
427353.0,,nabarangpur,5761344877,Badabharandi,phc,14.93,12.94
427326.0,,nabarangpur,8576812443,Sunabeda,phc,2.11,1.41
427320.0,,nabarangpur,4357836453,Kursi,phc,7.64,5.09
427223.0,,nabarangpur,5151713632,Gona,phc,6.32,4.15
427224.0,,nabarangpur,5151713632,Gona,phc,11.01,7.33
427205.0,,nabarangpur,6468124869,Jodinga,phc,15.15,9.91
427283.0,,nabarangpur,3582387241,Turudihi,phc,12.45,7.25
427201.0,,nabarangpur,6468124869,Jodinga,phc,13.61,8.52
427204.0,,nabarangpur,3582387241,Turudihi,phc,16.97,12.4
427217.0,,nabarangpur,5151713632,Gona,phc,7.89,5.18
427207.0,,nabarangpur,7857217470,Dumurimunda,phc,21.87,13.48
427211.0,,nabarangpur,7857217470,Dumurimunda,phc,8.15,5.28
427198.0,,nabarangpur,3582387241,Turudihi,phc,17.52,12.12
427285.0,,nabarangpur,3582387241,Turudihi,phc,18.16,11.33
427214.0,,nabarangpur,7857217470,Dumurimunda,phc,3.31,2.21
427206.0,,nabarangpur,6468124869,Jodinga,phc,18.04,11.79
427229.0,,nabarangpur,7857217470,Dumurimunda,phc,3.52,1.9
427284.0,,nabarangpur,3582387241,Turudihi,phc,17.16,10.17
427216.0,,nabarangpur,7857217470,Dumurimunda,phc,11.15,5.63
427212.0,,nabarangpur,7857217470,Dumurimunda,phc,2.82,1.81
427196.0,,nabarangpur,7857217470,Dumurimunda,phc,23.05,14.95
427235.0,,nabarangpur,1331158616,Raighar,phc,11.57,7.99
427239.0,,nabarangpur,6468124869,Jodinga,phc,15.56,9.34
427237.0,,nabarangpur,1331158616,Raighar,phc,13.41,9.81
427213.0,,nabarangpur,7857217470,Dumurimunda,phc,0.0,0.0
427208.0,,nabarangpur,1331158616,Raighar,phc,11.67,9.14
427312.0,,nabarangpur,6468124869,Jodinga,phc,11.21,6.06
427210.0,,nabarangpur,7857217470,Dumurimunda,phc,8.15,5.29
427282.0,,nabarangpur,3582387241,Turudihi,phc,11.88,7.84
427215.0,,nabarangpur,7857217470,Dumurimunda,phc,7.04,4.63
427311.0,,nabarangpur,3582387241,Turudihi,phc,11.35,7.15
427203.0,,nabarangpur,3582387241,Turudihi,phc,14.45,10.24
427202.0,,nabarangpur,3582387241,Turudihi,phc,14.26,7.68
427209.0,,nabarangpur,7857217470,Dumurimunda,phc,20.34,13.25
427286.0,,nabarangpur,3582387241,Turudihi,phc,7.76,4.64
427288.0,,nabarangpur,3582387241,Turudihi,phc,5.81,3.08
427199.0,,nabarangpur,3582387241,Turudihi,phc,19.36,12.67
427197.0,,nabarangpur,3582387241,Turudihi,phc,22.61,15.78
427281.0,,nabarangpur,3582387241,Turudihi,phc,13.59,8.94
427280.0,,nabarangpur,3582387241,Turudihi,phc,15.3,9.11
427278.0,,nabarangpur,3582387241,Turudihi,phc,10.68,6.78
427279.0,,nabarangpur,3582387241,Turudihi,phc,11.87,7.8
427222.0,,nabarangpur,5151713632,Gona,phc,4.08,2.63
427219.0,,nabarangpur,5151713632,Gona,phc,10.71,7.05
427221.0,,nabarangpur,5151713632,Gona,phc,13.22,8.72
427225.0,,nabarangpur,5151713632,Gona,phc,0.0,0.0
427220.0,,nabarangpur,5151713632,Gona,phc,13.59,8.97
427218.0,,nabarangpur,7857217470,Dumurimunda,phc,16.07,10.65
427507.0,,nabarangpur,6528646380,Dalabeda,phc,0.0,0.0
427499.0,,nabarangpur,6528646380,Dalabeda,phc,3.98,3.65
427506.0,,nabarangpur,6528646380,Dalabeda,phc,0.9,0.82
427505.0,,nabarangpur,6528646380,Dalabeda,phc,1.81,1.66
427500.0,,nabarangpur,6528646380,Dalabeda,phc,2.38,2.18
427532.0,,nabarangpur,4472686411,Ichhapur,phc,21.11,14.06
427527.0,,nabarangpur,8256385777,Phupughon,phc,12.78,8.87
427534.0,,nabarangpur,4472686411,Ichhapur,phc,17.94,11.95
427511.0,,nabarangpur,8256385777,Phupughon,phc,18.96,14.23
427533.0,,nabarangpur,4472686411,Ichhapur,phc,23.86,15.28
427535.0,,nabarangpur,4472686411,Ichhapur,phc,18.39,12.25
427495.0,,nabarangpur,4472686411,Ichhapur,phc,35.24,20.02
427504.0,,nabarangpur,6528646380,Dalabeda,phc,3.15,2.39
427501.0,,nabarangpur,6528646380,Dalabeda,phc,2.22,2.03
427496.0,,nabarangpur,4472686411,Ichhapur,phc,25.69,17.11
427512.0,,nabarangpur,8256385777,Phupughon,phc,16.23,11.73
427531.0,,nabarangpur,4472686411,Ichhapur,phc,25.94,17.27
427508.0,,nabarangpur,6528646380,Dalabeda,phc,0.08,0.07
427497.0,,nabarangpur,6528646380,Dalabeda,phc,23.02,17.42
427463.0,,nabarangpur,8265678543,Beheramunda,phc,9.63,7.63
427458.0,,nabarangpur,8265678543,Beheramunda,phc,4.79,3.19
427471.0,,nabarangpur,1233821154,Deobandha,phc,0.2,0.13
427459.0,,nabarangpur,8265678543,Beheramunda,phc,3.86,2.34
427450.0,,nabarangpur,6528646380,Dalabeda,phc,25.41,19.01
427476.0,,nabarangpur,1233821154,Deobandha,phc,7.21,4.81
427457.0,,nabarangpur,8265678543,Beheramunda,phc,6.25,4.53
427498.0,,nabarangpur,6528646380,Dalabeda,phc,18.51,14.41
427491.0,,nabarangpur,6528646380,Dalabeda,phc,19.5,15.07
427483.0,,nabarangpur,6528646380,Dalabeda,phc,4.73,4.34
427461.0,,nabarangpur,8265678543,Beheramunda,phc,8.09,6.22
427502.0,,nabarangpur,6528646380,Dalabeda,phc,3.44,3.16
427486.0,,nabarangpur,6528646380,Dalabeda,phc,5.71,5.24
427468.0,,nabarangpur,1233821154,Deobandha,phc,12.31,9.81
427453.0,,nabarangpur,8265678543,Beheramunda,phc,5.36,3.7
427460.0,,nabarangpur,8265678543,Beheramunda,phc,2.73,1.45
427443.0,,nabarangpur,8265678543,Beheramunda,phc,4.57,2.99
427448.0,,nabarangpur,8265678543,Beheramunda,phc,5.92,3.24
427441.0,,nabarangpur,8265678543,Beheramunda,phc,3.56,1.9
427444.0,,nabarangpur,8265678543,Beheramunda,phc,5.92,3.24
427436.0,,nabarangpur,3611617311,Ankabeda,phc,2.33,1.55
427420.0,,nabarangpur,1233821154,Deobandha,phc,6.79,4.45
427425.0,,nabarangpur,1233821154,Deobandha,phc,9.02,5.94
427438.0,,nabarangpur,3611617311,Ankabeda,phc,2.08,1.38
427477.0,,nabarangpur,1233821154,Deobandha,phc,6.92,4.87
427479.0,,nabarangpur,1233821154,Deobandha,phc,9.8,7.5
427456.0,,nabarangpur,8265678543,Beheramunda,phc,5.78,4.09
427469.0,,nabarangpur,8265678543,Beheramunda,phc,12.46,8.37
427494.0,,nabarangpur,6528646380,Dalabeda,phc,25.4,19.0
427487.0,,nabarangpur,6528646380,Dalabeda,phc,14.53,11.75
427454.0,,nabarangpur,8265678543,Beheramunda,phc,5.36,3.7
427464.0,,nabarangpur,8265678543,Beheramunda,phc,5.79,3.21
427470.0,,nabarangpur,3611617311,Ankabeda,phc,0.59,0.39
427442.0,,nabarangpur,8265678543,Beheramunda,phc,3.82,2.3
427449.0,,nabarangpur,6528646380,Dalabeda,phc,25.53,19.09
427475.0,,nabarangpur,1233821154,Deobandha,phc,9.65,6.44
427446.0,,nabarangpur,8265678543,Beheramunda,phc,5.31,3.67
427447.0,,nabarangpur,8265678543,Beheramunda,phc,5.33,3.68
427445.0,,nabarangpur,8265678543,Beheramunda,phc,5.92,3.24
427484.0,,nabarangpur,6528646380,Dalabeda,phc,5.71,5.24
427480.0,,nabarangpur,1233821154,Deobandha,phc,8.7,6.5
427481.0,,nabarangpur,6528646380,Dalabeda,phc,3.6,3.31
427478.0,,nabarangpur,1233821154,Deobandha,phc,6.99,4.94
427472.0,,nabarangpur,1233821154,Deobandha,phc,0.0,0.0
427473.0,,nabarangpur,1233821154,Deobandha,phc,7.12,4.67
427422.0,,nabarangpur,1233821154,Deobandha,phc,6.81,4.46
427421.0,,nabarangpur,1233821154,Deobandha,phc,7.69,5.05
427503.0,,nabarangpur,6528646380,Dalabeda,phc,2.64,2.43
427490.0,,nabarangpur,6528646380,Dalabeda,phc,18.6,14.47
427485.0,,nabarangpur,8265678543,Beheramunda,phc,11.51,9.07
427489.0,,nabarangpur,6528646380,Dalabeda,phc,16.88,13.32
427467.0,,nabarangpur,8265678543,Beheramunda,phc,11.34,7.35
427451.0,,nabarangpur,6528646380,Dalabeda,phc,25.4,19.0
427452.0,,nabarangpur,6528646380,Dalabeda,phc,20.14,15.5
427488.0,,nabarangpur,6528646380,Dalabeda,phc,15.23,12.22
427466.0,,nabarangpur,8265678543,Beheramunda,phc,10.18,6.35
427462.0,,nabarangpur,8265678543,Beheramunda,phc,13.53,10.42
427474.0,,nabarangpur,1233821154,Deobandha,phc,6.04,3.95
427439.0,,nabarangpur,3611617311,Ankabeda,phc,4.56,3.04
427482.0,,nabarangpur,1233821154,Deobandha,phc,11.9,9.43
427455.0,,nabarangpur,8265678543,Beheramunda,phc,5.33,3.68
427423.0,,nabarangpur,1233821154,Deobandha,phc,8.55,5.63
427440.0,,nabarangpur,8265678543,Beheramunda,phc,0.0,0.0
427437.0,,nabarangpur,3611617311,Ankabeda,phc,2.99,1.99
427435.0,,nabarangpur,8265678543,Beheramunda,phc,2.52,1.34
427429.0,,nabarangpur,3611617311,Ankabeda,phc,1.14,0.76
427430.0,,nabarangpur,3611617311,Ankabeda,phc,0.0,0.0
427424.0,,nabarangpur,1233821154,Deobandha,phc,9.02,5.94
427426.0,,nabarangpur,1233821154,Deobandha,phc,9.02,5.94
427432.0,,nabarangpur,3611617311,Ankabeda,phc,2.33,1.55
427433.0,,nabarangpur,3611617311,Ankabeda,phc,3.85,2.57
427428.0,,nabarangpur,1233821154,Deobandha,phc,9.02,5.94
427427.0,,nabarangpur,1233821154,Deobandha,phc,9.02,5.94
427492.0,,nabarangpur,6528646380,Dalabeda,phc,23.0,17.41
427493.0,,nabarangpur,6528646380,Dalabeda,phc,23.88,17.99
428053.0,,nabarangpur,3773678259,Panaspadar,phc,14.04,9.13
428052.0,,nabarangpur,3773678259,Panaspadar,phc,11.99,7.93
428031.0,,nabarangpur,3213884582,Mangordora,phc,7.17,4.76
428051.0,,nabarangpur,3773678259,Panaspadar,phc,11.98,7.92
